filename,label,status
build_1.log,NO_TESTS_EXECUTED,FAILURE
build_10.log,SELENIUM_UI_FAILURE,UNSTABLE
build_11.log,SELENIUM_DRIVER_ERROR,UNSTABLE
build_12.log,SELENIUM_DRIVER_ERROR,UNSTABLE
build_13.log,SELENIUM_UI_FAILURE,UNSTABLE
build_14.log,SUCCESS,SUCCESS
build_15.log,SELENIUM_DRIVER_ERROR,UNSTABLE
build_16.log,SELENIUM_DRIVER_ERROR,UNSTABLE
build_17.log,SUCCESS,SUCCESS
build_18.log,SUCCESS,SUCCESS
build_19.log,SELENIUM_DRIVER_ERROR,UNSTABLE
build_2.log,NO_TESTS_EXECUTED,FAILURE
build_20.log,SUCCESS,SUCCESS
build_21.log,SELENIUM_DRIVER_ERROR,UNSTABLE
build_22.log,SELENIUM_DRIVER_ERROR,UNSTABLE
build_23.log,SUCCESS,SUCCESS
build_24.log,SUCCESS,SUCCESS
build_25.log,SUCCESS,SUCCESS
build_26.log,SUCCESS,SUCCESS
build_27.log,SUCCESS,SUCCESS
build_28.log,SELENIUM_DRIVER_ERROR,UNSTABLE
build_29.log,SUCCESS,SUCCESS
build_3.log,NO_TESTS_EXECUTED,FAILURE
build_30.log,SUCCESS,SUCCESS
build_31.log,SUCCESS,SUCCESS
build_32.log,SUCCESS,SUCCESS
build_33.log,SUCCESS,SUCCESS
build_34.log,SUCCESS,SUCCESS
build_35.log,SUCCESS,SUCCESS
build_36.log,SUCCESS,SUCCESS
build_37.log,SUCCESS,SUCCESS
build_38.log,MAVEN_DEPENDENCY_ERROR,FAILURE
build_39.log,MAVEN_DEPENDENCY_ERROR,FAILURE
build_4.log,NO_TESTS_EXECUTED,FAILURE
build_40.log,MAVEN_DEPENDENCY_ERROR,FAILURE
build_41.log,SUCCESS,SUCCESS
build_42.log,JVM_ERROR,FAILURE
build_43.log,MAVEN_DEPENDENCY_ERROR,FAILURE
build_44.log,SELENIUM_DRIVER_ERROR,UNSTABLE
build_45.log,SUCCESS,SUCCESS
build_46.log,SUCCESS,SUCCESS
build_47.log,SUCCESS,SUCCESS
build_48.log,SELENIUM_DRIVER_ERROR,UNSTABLE
build_49.log,SUCCESS,SUCCESS
build_5.log,NO_TESTS_EXECUTED,FAILURE
build_50.log,SUCCESS,SUCCESS
build_51.log,SUCCESS,SUCCESS
build_52.log,SUCCESS,SUCCESS
build_53.log,SUCCESS,SUCCESS
build_54.log,SUCCESS,SUCCESS
build_55.log,SUCCESS,SUCCESS
build_56.log,SUCCESS,SUCCESS
build_57.log,SUCCESS,SUCCESS
build_58.log,SUCCESS,SUCCESS
build_59.log,SUCCESS,SUCCESS
build_6.log,BUILD_ABORTED,ABORTED
build_60.log,SELENIUM_DRIVER_ERROR,UNSTABLE
build_61.log,SUCCESS,SUCCESS
build_62.log,SELENIUM_DRIVER_ERROR,UNSTABLE
build_63.log,SELENIUM_DRIVER_ERROR,UNSTABLE
build_64.log,SELENIUM_DRIVER_ERROR,UNSTABLE
build_65.log,SELENIUM_DRIVER_ERROR,UNSTABLE
build_66.log,SELENIUM_DRIVER_ERROR,UNSTABLE
build_67.log,SUCCESS,SUCCESS
build_68.log,SELENIUM_DRIVER_ERROR,UNSTABLE
build_69.log,SELENIUM_DRIVER_ERROR,UNSTABLE
build_7.log,BUILD_ABORTED,ABORTED
build_70.log,SELENIUM_DRIVER_ERROR,UNSTABLE
build_71.log,SUCCESS,SUCCESS
build_72.log,SUCCESS,SUCCESS
build_73.log,SUCCESS,SUCCESS
build_74.log,SUCCESS,SUCCESS
build_75.log,SUCCESS,SUCCESS
build_76.log,SELENIUM_DRIVER_ERROR,UNKNOWN
build_77.log,SELENIUM_DRIVER_ERROR,UNSTABLE
build_78.log,SUCCESS,SUCCESS
build_79.log,SUCCESS,SUCCESS
build_8.log,COMPILATION_ERROR,FAILURE
build_80.log,SELENIUM_DRIVER_ERROR,UNSTABLE
build_81.log,SUCCESS,SUCCESS
build_82.log,SUCCESS,SUCCESS
build_83.log,SELENIUM_DRIVER_ERROR,UNSTABLE
build_84.log,SELENIUM_DRIVER_ERROR,UNSTABLE
build_85.log,SELENIUM_DRIVER_ERROR,UNSTABLE
build_86.log,SELENIUM_DRIVER_ERROR,UNSTABLE
build_87.log,SELENIUM_DRIVER_ERROR,UNSTABLE
build_88.log,SELENIUM_DRIVER_ERROR,UNSTABLE
build_89.log,SELENIUM_DRIVER_ERROR,UNSTABLE
build_9.log,NO_TESTS_EXECUTED,FAILURE
build_90.log,SELENIUM_DRIVER_ERROR,UNSTABLE
build_91.log,SELENIUM_DRIVER_ERROR,UNSTABLE
build_92.log,SELENIUM_DRIVER_ERROR,UNSTABLE
build_93.log,SELENIUM_DRIVER_ERROR,UNSTABLE
build_94.log,SELENIUM_DRIVER_ERROR,UNSTABLE
build_95.log,SELENIUM_DRIVER_ERROR,UNSTABLE
build_96.log,SELENIUM_DRIVER_ERROR,UNSTABLE
build_97.log,SELENIUM_DRIVER_ERROR,UNSTABLE
build_98.log,SELENIUM_DRIVER_ERROR,UNSTABLE
build_99.log,SELENIUM_DRIVER_ERROR,UNSTABLE
FCTU_Train1build_10.log,BUILD_ABORTED,ABORTED
FCTU_Train1build_100.log,SELENIUM_UI_FAILURE,UNSTABLE
FCTU_Train1build_11.log,CONNECTION_REFUSED,UNSTABLE
FCTU_Train1build_12.log,SELENIUM_UI_FAILURE,UNSTABLE
FCTU_Train1build_13.log,BUILD_ABORTED,ABORTED
FCTU_Train1build_14.log,SELENIUM_UI_FAILURE,UNSTABLE
FCTU_Train1build_15.log,CONNECTION_REFUSED,UNSTABLE
FCTU_Train1build_16.log,SUCCESS,SUCCESS
FCTU_Train1build_17.log,BUILD_ABORTED,ABORTED
FCTU_Train1build_18.log,SELENIUM_UI_FAILURE,UNSTABLE
FCTU_Train1build_19.log,BUILD_ABORTED,ABORTED
FCTU_Train1build_2.log,NO_TESTS_EXECUTED,FAILURE
FCTU_Train1build_20.log,SELENIUM_UI_FAILURE,UNSTABLE
FCTU_Train1build_21.log,SELENIUM_UI_FAILURE,UNSTABLE
FCTU_Train1build_22.log,COMPILATION_ERROR,FAILURE
FCTU_Train1build_23.log,COMPILATION_ERROR,FAILURE
FCTU_Train1build_24.log,BUILD_ABORTED,ABORTED
FCTU_Train1build_25.log,CONNECTION_REFUSED,UNSTABLE
FCTU_Train1build_26.log,SUCCESS,SUCCESS
FCTU_Train1build_27.log,SELENIUM_UI_FAILURE,UNSTABLE
FCTU_Train1build_28.log,SELENIUM_UI_FAILURE,UNSTABLE
FCTU_Train1build_29.log,SUCCESS,SUCCESS
FCTU_Train1build_3.log,NO_TESTS_EXECUTED,FAILURE
FCTU_Train1build_30.log,SELENIUM_UI_FAILURE,UNSTABLE
FCTU_Train1build_31.log,SUCCESS,SUCCESS
FCTU_Train1build_32.log,SUCCESS,SUCCESS
FCTU_Train1build_33.log,SELENIUM_UI_FAILURE,UNSTABLE
FCTU_Train1build_34.log,SELENIUM_UI_FAILURE,UNSTABLE
FCTU_Train1build_35.log,SUCCESS,SUCCESS
FCTU_Train1build_36.log,SELENIUM_UI_FAILURE,UNSTABLE
FCTU_Train1build_37.log,SUCCESS,SUCCESS
FCTU_Train1build_38.log,SUCCESS,SUCCESS
FCTU_Train1build_39.log,SUCCESS,SUCCESS
FCTU_Train1build_4.log,BUILD_ABORTED,ABORTED
FCTU_Train1build_40.log,SUCCESS,SUCCESS
FCTU_Train1build_41.log,SUCCESS,SUCCESS
FCTU_Train1build_42.log,SELENIUM_UI_FAILURE,UNSTABLE
FCTU_Train1build_43.log,SUCCESS,SUCCESS
FCTU_Train1build_44.log,SUCCESS,SUCCESS
FCTU_Train1build_45.log,SELENIUM_UI_FAILURE,UNSTABLE
FCTU_Train1build_46.log,SELENIUM_UI_FAILURE,UNSTABLE
FCTU_Train1build_47.log,SUCCESS,SUCCESS
FCTU_Train1build_48.log,SUCCESS,SUCCESS
FCTU_Train1build_49.log,SUCCESS,SUCCESS
FCTU_Train1build_5.log,CONNECTION_REFUSED,UNSTABLE
FCTU_Train1build_50.log,SELENIUM_UI_FAILURE,UNSTABLE
FCTU_Train1build_51.log,SUCCESS,SUCCESS
FCTU_Train1build_52.log,SELENIUM_UI_FAILURE,UNSTABLE
FCTU_Train1build_53.log,SELENIUM_UI_FAILURE,UNSTABLE
FCTU_Train1build_54.log,SUCCESS,SUCCESS
FCTU_Train1build_55.log,SELENIUM_UI_FAILURE,UNSTABLE
FCTU_Train1build_56.log,SELENIUM_UI_FAILURE,UNSTABLE
FCTU_Train1build_57.log,SELENIUM_UI_FAILURE,UNSTABLE
FCTU_Train1build_58.log,SELENIUM_UI_FAILURE,UNSTABLE
FCTU_Train1build_59.log,SUCCESS,SUCCESS
FCTU_Train1build_6.log,BUILD_ABORTED,ABORTED
FCTU_Train1build_60.log,SUCCESS,SUCCESS
FCTU_Train1build_61.log,SELENIUM_UI_FAILURE,UNSTABLE
FCTU_Train1build_62.log,SUCCESS,SUCCESS
FCTU_Train1build_63.log,SELENIUM_UI_FAILURE,UNSTABLE
FCTU_Train1build_64.log,SUCCESS,SUCCESS
FCTU_Train1build_65.log,SUCCESS,SUCCESS
FCTU_Train1build_66.log,SUCCESS,SUCCESS
FCTU_Train1build_67.log,SUCCESS,SUCCESS
FCTU_Train1build_68.log,SELENIUM_UI_FAILURE,UNSTABLE
FCTU_Train1build_69.log,SELENIUM_UI_FAILURE,UNSTABLE
FCTU_Train1build_7.log,CONNECTION_REFUSED,UNSTABLE
FCTU_Train1build_70.log,SELENIUM_UI_FAILURE,UNSTABLE
FCTU_Train1build_71.log,SELENIUM_UI_FAILURE,UNSTABLE
FCTU_Train1build_72.log,SELENIUM_UI_FAILURE,UNSTABLE
FCTU_Train1build_73.log,SELENIUM_UI_FAILURE,UNSTABLE
FCTU_Train1build_74.log,SELENIUM_UI_FAILURE,UNSTABLE
FCTU_Train1build_75.log,SELENIUM_UI_FAILURE,UNSTABLE
FCTU_Train1build_76.log,SELENIUM_UI_FAILURE,UNSTABLE
FCTU_Train1build_77.log,SELENIUM_UI_FAILURE,UNSTABLE
FCTU_Train1build_78.log,SELENIUM_UI_FAILURE,UNSTABLE
FCTU_Train1build_79.log,SELENIUM_UI_FAILURE,UNSTABLE
FCTU_Train1build_8.log,CONNECTION_REFUSED,UNSTABLE
FCTU_Train1build_80.log,SELENIUM_UI_FAILURE,UNSTABLE
FCTU_Train1build_81.log,SELENIUM_UI_FAILURE,UNSTABLE
FCTU_Train1build_82.log,SELENIUM_UI_FAILURE,UNSTABLE
FCTU_Train1build_83.log,SELENIUM_UI_FAILURE,UNSTABLE
FCTU_Train1build_84.log,SELENIUM_UI_FAILURE,UNSTABLE
FCTU_Train1build_85.log,SELENIUM_UI_FAILURE,UNSTABLE
FCTU_Train1build_86.log,SELENIUM_UI_FAILURE,UNSTABLE
FCTU_Train1build_87.log,SELENIUM_UI_FAILURE,UNSTABLE
FCTU_Train1build_88.log,SELENIUM_UI_FAILURE,UNSTABLE
FCTU_Train1build_89.log,UNKNOWN,FAILURE
FCTU_Train1build_9.log,CONNECTION_REFUSED,UNSTABLE
FCTU_Train1build_90.log,SELENIUM_UI_FAILURE,UNSTABLE
FCTU_Train1build_91.log,SELENIUM_UI_FAILURE,UNSTABLE
FCTU_Train1build_92.log,SELENIUM_UI_FAILURE,UNSTABLE
FCTU_Train1build_93.log,SELENIUM_UI_FAILURE,UNSTABLE
FCTU_Train1build_94.log,SELENIUM_UI_FAILURE,UNSTABLE
FCTU_Train1build_95.log,SELENIUM_UI_FAILURE,UNSTABLE
FCTU_Train1build_96.log,SELENIUM_UI_FAILURE,UNSTABLE
FCTU_Train1build_97.log,SELENIUM_UI_FAILURE,UNSTABLE
FCTU_Train1build_98.log,SELENIUM_UI_FAILURE,UNSTABLE
FCTU_Train1build_99.log,SELENIUM_UI_FAILURE,UNSTABLE
FCTU_Train2build_1.log,SUCCESS,SUCCESS
FCTU_Train2build_10.log,CONNECTION_REFUSED,UNSTABLE
FCTU_Train2build_100.log,SELENIUM_UI_FAILURE,UNSTABLE
FCTU_Train2build_11.log,BUILD_ABORTED,ABORTED
FCTU_Train2build_12.log,NO_TESTS_EXECUTED,FAILURE
FCTU_Train2build_13.log,NO_TESTS_EXECUTED,FAILURE
FCTU_Train2build_14.log,NO_TESTS_EXECUTED,FAILURE
FCTU_Train2build_15.log,SELENIUM_UI_FAILURE,UNSTABLE
FCTU_Train2build_16.log,SUCCESS,SUCCESS
FCTU_Train2build_17.log,COMPILATION_ERROR,FAILURE
FCTU_Train2build_18.log,COMPILATION_ERROR,FAILURE
FCTU_Train2build_19.log,COMPILATION_ERROR,FAILURE
FCTU_Train2build_2.log,NO_TESTS_EXECUTED,FAILURE
FCTU_Train2build_20.log,SUCCESS,SUCCESS
FCTU_Train2build_21.log,SELENIUM_UI_FAILURE,UNSTABLE
FCTU_Train2build_22.log,SUCCESS,SUCCESS
FCTU_Train2build_23.log,SUCCESS,SUCCESS
FCTU_Train2build_24.log,SELENIUM_UI_FAILURE,UNSTABLE
FCTU_Train2build_25.log,SUCCESS,SUCCESS
FCTU_Train2build_26.log,SUCCESS,SUCCESS
FCTU_Train2build_27.log,SUCCESS,SUCCESS
FCTU_Train2build_28.log,SELENIUM_UI_FAILURE,UNSTABLE
FCTU_Train2build_29.log,SUCCESS,SUCCESS
FCTU_Train2build_3.log,BUILD_ABORTED,ABORTED
FCTU_Train2build_31.log,SUCCESS,SUCCESS
FCTU_Train2build_32.log,SUCCESS,SUCCESS
FCTU_Train2build_33.log,SUCCESS,SUCCESS
FCTU_Train2build_35.log,SUCCESS,SUCCESS
FCTU_Train2build_36.log,SUCCESS,SUCCESS
FCTU_Train2build_37.log,SUCCESS,SUCCESS
FCTU_Train2build_38.log,SUCCESS,SUCCESS
FCTU_Train2build_39.log,SELENIUM_UI_FAILURE,UNSTABLE
FCTU_Train2build_4.log,NO_TESTS_EXECUTED,FAILURE
FCTU_Train2build_40.log,SUCCESS,SUCCESS
FCTU_Train2build_41.log,SUCCESS,SUCCESS
FCTU_Train2build_42.log,SUCCESS,SUCCESS
FCTU_Train2build_43.log,SUCCESS,SUCCESS
FCTU_Train2build_44.log,SUCCESS,SUCCESS
FCTU_Train2build_45.log,SUCCESS,SUCCESS
FCTU_Train2build_46.log,SELENIUM_UI_FAILURE,UNSTABLE
FCTU_Train2build_47.log,SELENIUM_UI_FAILURE,UNSTABLE
FCTU_Train2build_48.log,SUCCESS,SUCCESS
FCTU_Train2build_49.log,SELENIUM_UI_FAILURE,UNSTABLE
FCTU_Train2build_5.log,BUILD_ABORTED,ABORTED
FCTU_Train2build_50.log,SUCCESS,SUCCESS
FCTU_Train2build_51.log,SELENIUM_UI_FAILURE,UNSTABLE
FCTU_Train2build_52.log,SELENIUM_UI_FAILURE,UNSTABLE
FCTU_Train2build_53.log,SUCCESS,SUCCESS
FCTU_Train2build_54.log,SELENIUM_UI_FAILURE,UNSTABLE
FCTU_Train2build_55.log,SELENIUM_UI_FAILURE,UNSTABLE
FCTU_Train2build_56.log,SUCCESS,SUCCESS
FCTU_Train2build_57.log,SELENIUM_UI_FAILURE,UNSTABLE
FCTU_Train2build_58.log,SUCCESS,SUCCESS
FCTU_Train2build_59.log,SUCCESS,SUCCESS
FCTU_Train2build_6.log,NO_TESTS_EXECUTED,FAILURE
FCTU_Train2build_60.log,SUCCESS,SUCCESS
FCTU_Train2build_61.log,SUCCESS,SUCCESS
FCTU_Train2build_62.log,SELENIUM_UI_FAILURE,UNSTABLE
FCTU_Train2build_63.log,SELENIUM_UI_FAILURE,UNSTABLE
FCTU_Train2build_64.log,SELENIUM_UI_FAILURE,UNSTABLE
FCTU_Train2build_65.log,SELENIUM_UI_FAILURE,UNSTABLE
FCTU_Train2build_66.log,SELENIUM_UI_FAILURE,UNSTABLE
FCTU_Train2build_67.log,SELENIUM_UI_FAILURE,UNSTABLE
FCTU_Train2build_68.log,SELENIUM_UI_FAILURE,UNSTABLE
FCTU_Train2build_69.log,SELENIUM_UI_FAILURE,UNSTABLE
FCTU_Train2build_7.log,NO_TESTS_EXECUTED,FAILURE
FCTU_Train2build_70.log,SELENIUM_UI_FAILURE,UNSTABLE
FCTU_Train2build_71.log,SELENIUM_UI_FAILURE,UNSTABLE
FCTU_Train2build_72.log,SELENIUM_UI_FAILURE,UNSTABLE
FCTU_Train2build_73.log,SELENIUM_UI_FAILURE,UNSTABLE
FCTU_Train2build_74.log,SELENIUM_UI_FAILURE,UNSTABLE
FCTU_Train2build_75.log,SELENIUM_UI_FAILURE,UNSTABLE
FCTU_Train2build_76.log,SELENIUM_UI_FAILURE,UNSTABLE
FCTU_Train2build_77.log,SELENIUM_UI_FAILURE,UNSTABLE
FCTU_Train2build_78.log,SELENIUM_UI_FAILURE,UNSTABLE
FCTU_Train2build_79.log,SELENIUM_UI_FAILURE,UNSTABLE
FCTU_Train2build_8.log,NO_TESTS_EXECUTED,FAILURE
FCTU_Train2build_80.log,SELENIUM_UI_FAILURE,UNSTABLE
FCTU_Train2build_81.log,SELENIUM_UI_FAILURE,UNSTABLE
FCTU_Train2build_82.log,SELENIUM_UI_FAILURE,UNSTABLE
FCTU_Train2build_83.log,SELENIUM_UI_FAILURE,UNSTABLE
FCTU_Train2build_84.log,SELENIUM_UI_FAILURE,UNSTABLE
FCTU_Train2build_85.log,SELENIUM_UI_FAILURE,UNSTABLE
FCTU_Train2build_86.log,SELENIUM_UI_FAILURE,UNSTABLE
FCTU_Train2build_87.log,SELENIUM_UI_FAILURE,UNSTABLE
FCTU_Train2build_88.log,SELENIUM_UI_FAILURE,UNSTABLE
FCTU_Train2build_89.log,SELENIUM_UI_FAILURE,UNSTABLE
FCTU_Train2build_9.log,CONNECTION_REFUSED,UNSTABLE
FCTU_Train2build_90.log,SELENIUM_UI_FAILURE,UNSTABLE
FCTU_Train2build_91.log,SELENIUM_UI_FAILURE,UNSTABLE
FCTU_Train2build_92.log,SELENIUM_UI_FAILURE,UNSTABLE
FCTU_Train2build_93.log,SELENIUM_UI_FAILURE,UNSTABLE
FCTU_Train2build_94.log,SELENIUM_UI_FAILURE,UNSTABLE
FCTU_Train2build_95.log,SELENIUM_UI_FAILURE,UNSTABLE
FCTU_Train2build_96.log,SELENIUM_UI_FAILURE,UNSTABLE
FCTU_Train2build_97.log,SELENIUM_UI_FAILURE,UNSTABLE
FCTU_Train2build_98.log,SUCCESS,SUCCESS
FCTU_Train2build_99.log,SELENIUM_UI_FAILURE,UNSTABLE
PROD_Serializerbuild_1278.log,SUCCESS,SUCCESS
PROD_Serializerbuild_1279.log,SUCCESS,SUCCESS
PROD_Serializerbuild_1280.log,SUCCESS,SUCCESS
PROD_Serializerbuild_1281.log,SUCCESS,SUCCESS
PROD_Serializerbuild_1282.log,SUCCESS,SUCCESS
PROD_Serializerbuild_1283.log,SUCCESS,SUCCESS
PROD_Serializerbuild_1284.log,SUCCESS,SUCCESS
PROD_Serializerbuild_1285.log,SUCCESS,SUCCESS
PROD_Serializerbuild_1286.log,SUCCESS,SUCCESS
PROD_Serializerbuild_1287.log,SUCCESS,SUCCESS
PROD_Serializerbuild_1288.log,SUCCESS,SUCCESS
PROD_Serializerbuild_1289.log,SUCCESS,SUCCESS
PROD_Serializerbuild_1290.log,SUCCESS,SUCCESS
PROD_Serializerbuild_1291.log,SERIALIZER_STEP_FAILURE,FAILURE
PROD_Serializerbuild_1292.log,SERIALIZER_STEP_FAILURE,FAILURE
PROD_Serializerbuild_1293.log,SERIALIZER_STEP_FAILURE,FAILURE
PROD_Serializerbuild_1294.log,SERIALIZER_STEP_FAILURE,FAILURE
PROD_Serializerbuild_1295.log,SERIALIZER_STEP_FAILURE,FAILURE
PROD_Serializerbuild_1296.log,SERIALIZER_STEP_FAILURE,FAILURE
PROD_Serializerbuild_1297.log,SERIALIZER_STEP_FAILURE,FAILURE
PROD_Serializerbuild_1298.log,SUCCESS,SUCCESS
PROD_Serializerbuild_1299.log,SUCCESS,SUCCESS
PROD_Serializerbuild_1300.log,SUCCESS,SUCCESS
PROD_Serializerbuild_1301.log,SERIALIZER_STEP_FAILURE,FAILURE
PROD_Serializerbuild_1302.log,SERIALIZER_STEP_FAILURE,FAILURE
PROD_Serializerbuild_1303.log,SUCCESS,SUCCESS
PROD_Serializerbuild_1304.log,SUCCESS,SUCCESS
PROD_Serializerbuild_1305.log,SUCCESS,SUCCESS
PROD_Serializerbuild_1306.log,SUCCESS,SUCCESS
FCTU_Train1build_1.log,SUCCESS,SUCCESS
FCTU_Train1build_101.log,SELENIUM_UI_FAILURE,UNSTABLE
FCTU_Train1build_102.log,SELENIUM_UI_FAILURE,UNSTABLE
FCTU_Train1build_103.log,SELENIUM_UI_FAILURE,UNSTABLE
FCTU_Train1build_104.log,SELENIUM_UI_FAILURE,UNSTABLE
FCTU_Train1build_105.log,SELENIUM_UI_FAILURE,UNSTABLE
FCTU_Train1build_106.log,SELENIUM_UI_FAILURE,UNSTABLE
FCTU_Train1build_107.log,SELENIUM_UI_FAILURE,UNSTABLE
FCTU_Train1build_108.log,SELENIUM_UI_FAILURE,UNSTABLE
FCTU_Train1build_109.log,SELENIUM_UI_FAILURE,UNSTABLE
FCTU_Train1build_110.log,SELENIUM_UI_FAILURE,UNSTABLE
FCTU_Train1build_111.log,SELENIUM_UI_FAILURE,UNSTABLE
FCTU_Train1build_112.log,SELENIUM_UI_FAILURE,UNSTABLE
FCTU_Train1build_113.log,SELENIUM_UI_FAILURE,UNSTABLE
FCTU_Train1build_114.log,SELENIUM_UI_FAILURE,UNSTABLE
FCTU_Train1build_115.log,SELENIUM_UI_FAILURE,UNSTABLE
FCTU_Train1build_116.log,SELENIUM_UI_FAILURE,UNSTABLE
FCTU_Train1build_117.log,SELENIUM_UI_FAILURE,UNSTABLE
FCTU_Train1build_118.log,SELENIUM_UI_FAILURE,UNSTABLE
FCTU_Train1build_119.log,SELENIUM_UI_FAILURE,UNSTABLE
FCTU_Train1build_120.log,SELENIUM_UI_FAILURE,UNSTABLE
FCTU_Train1build_121.log,SELENIUM_UI_FAILURE,UNSTABLE
FCTU_Train1build_122.log,SELENIUM_UI_FAILURE,UNSTABLE
FCTU_Train1build_123.log,SUCCESS,SUCCESS
FCTU_Train1build_124.log,SELENIUM_UI_FAILURE,UNSTABLE
FCTU_Train1build_125.log,SELENIUM_UI_FAILURE,UNSTABLE
FCTU_Train1build_126.log,SUCCESS,SUCCESS
FCTU_Train1build_127.log,SUCCESS,SUCCESS
FCTU_Train1build_128.log,SUCCESS,SUCCESS
FCTU_Train1build_129.log,SUCCESS,SUCCESS
FCTU_Train1build_130.log,SELENIUM_UI_FAILURE,UNSTABLE
FCTU_Train1build_131.log,SUCCESS,SUCCESS
FCTU_Train1build_132.log,SUCCESS,SUCCESS
FCTU_Train1build_133.log,SELENIUM_UI_FAILURE,UNSTABLE
FCTU_Train1build_134.log,SUCCESS,SUCCESS
FCTU_Train1build_135.log,SUCCESS,SUCCESS
FCTU_Train1build_136.log,SUCCESS,SUCCESS
FCTU_Train1build_137.log,SELENIUM_UI_FAILURE,UNSTABLE
FCTU_Train1build_138.log,SELENIUM_UI_FAILURE,UNSTABLE
FCTU_Train1build_139.log,SELENIUM_UI_FAILURE,UNSTABLE
FCTU_Train1build_140.log,SELENIUM_UI_FAILURE,UNSTABLE
FCTU_Train1build_141.log,SUCCESS,SUCCESS
FCTU_Train1build_142.log,SELENIUM_UI_FAILURE,UNSTABLE
FCTU_Train1build_143.log,SUCCESS,SUCCESS
FCTU_Train1build_144.log,SELENIUM_UI_FAILURE,UNSTABLE
FCTU_Train1build_145.log,SELENIUM_UI_FAILURE,UNSTABLE
FCTU_Train1build_146.log,SELENIUM_UI_FAILURE,UNSTABLE
FCTU_Train1build_147.log,SELENIUM_UI_FAILURE,UNSTABLE
FCTU_Train1build_148.log,SELENIUM_UI_FAILURE,UNSTABLE
FCTU_Train1build_149.log,SELENIUM_UI_FAILURE,UNSTABLE
FCTU_Train1build_150.log,SUCCESS,SUCCESS
FCTU_Train1build_151.log,SUCCESS,SUCCESS
FCTU_Train1build_152.log,SELENIUM_UI_FAILURE,UNSTABLE
FCTU_Train1build_153.log,SELENIUM_UI_FAILURE,UNSTABLE
FCTU_Train1build_154.log,SUCCESS,SUCCESS
FCTU_Train1build_155.log,SUCCESS,SUCCESS
FCTU_Train1build_156.log,SUCCESS,SUCCESS
FCTU_Train1build_157.log,SUCCESS,SUCCESS
FCTU_Train1build_158.log,SUCCESS,SUCCESS
FCTU_Train1build_159.log,SUCCESS,SUCCESS
FCTU_Train1build_160.log,SUCCESS,SUCCESS
FCTU_Train1build_161.log,SUCCESS,SUCCESS
FCTU_Train1build_162.log,SUCCESS,SUCCESS
FCTU_Train1build_163.log,SUCCESS,SUCCESS
FCTU_Train1build_164.log,SUCCESS,SUCCESS
FCTU_Train1build_165.log,SUCCESS,SUCCESS
FCTU_Train1build_166.log,SUCCESS,SUCCESS
FCTU_Train1build_167.log,SUCCESS,SUCCESS
FCTU_Train1build_168.log,SUCCESS,SUCCESS
FCTU_Train1build_169.log,SUCCESS,SUCCESS
FCTU_Train1build_170.log,SELENIUM_UI_FAILURE,UNSTABLE
FCTU_Train1build_171.log,SELENIUM_UI_FAILURE,UNSTABLE
FCTU_Train1build_172.log,SELENIUM_UI_FAILURE,UNSTABLE
FCTU_Train1build_173.log,SELENIUM_UI_FAILURE,UNSTABLE
FCTU_Train1build_174.log,SUCCESS,SUCCESS
FCTU_Train1build_175.log,SUCCESS,SUCCESS
FCTU_Train1build_176.log,SELENIUM_UI_FAILURE,UNSTABLE
FCTU_Train1build_177.log,SUCCESS,SUCCESS
FCTU_Train1build_178.log,SUCCESS,SUCCESS
FCTU_Train1build_179.log,SUCCESS,SUCCESS
FCTU_Train1build_180.log,SELENIUM_UI_FAILURE,UNSTABLE
FCTU_Train1build_181.log,SELENIUM_DRIVER_ERROR,FAILURE
FCTU_Train1build_182.log,SELENIUM_UI_FAILURE,UNSTABLE
FCTU_Train1build_183.log,SELENIUM_UI_FAILURE,UNSTABLE
FCTU_Train1build_184.log,SELENIUM_UI_FAILURE,UNSTABLE
FCTU_Train1build_185.log,SELENIUM_UI_FAILURE,UNSTABLE
FCTU_Train1build_186.log,SUCCESS,SUCCESS
FCTU_Train1build_187.log,SUCCESS,SUCCESS
FCTU_Train1build_188.log,SUCCESS,SUCCESS
FCTU_Train1build_189.log,SUCCESS,SUCCESS
FCTU_Train1build_190.log,SUCCESS,SUCCESS
FCTU_Train1build_191.log,SUCCESS,SUCCESS
FCTU_Train1build_192.log,SELENIUM_UI_FAILURE,UNSTABLE
FCTU_Train1build_193.log,SELENIUM_UI_FAILURE,UNSTABLE
FCTU_Train1build_194.log,SELENIUM_UI_FAILURE,UNSTABLE
FCTU_Train1build_195.log,SELENIUM_UI_FAILURE,UNSTABLE
FCTU_Train1build_196.log,SELENIUM_UI_FAILURE,UNSTABLE
FCTU_Train1build_197.log,SELENIUM_UI_FAILURE,UNSTABLE
FCTU_Train1build_198.log,SELENIUM_UI_FAILURE,UNSTABLE
FCTU_Train1build_199.log,SELENIUM_DRIVER_ERROR,FAILURE
FCTU_Train1build_200.log,SUCCESS,SUCCESS
FCTU_Train1build_201.log,SELENIUM_UI_FAILURE,UNSTABLE
FCTU_Train1build_202.log,SUCCESS,SUCCESS
FCTU_Train1build_203.log,SELENIUM_UI_FAILURE,UNSTABLE
FCTU_Train1build_204.log,SELENIUM_DRIVER_ERROR,FAILURE
FCTU_Train1build_205.log,SELENIUM_UI_FAILURE,UNSTABLE
FCTU_Train1build_206.log,SELENIUM_UI_FAILURE,UNSTABLE
FCTU_Train1build_207.log,SUCCESS,SUCCESS
FCTU_Train1build_208.log,SUCCESS,SUCCESS
FCTU_Train1build_209.log,SUCCESS,SUCCESS
FCTU_Train1build_210.log,SUCCESS,SUCCESS
FCTU_Train1build_211.log,SELENIUM_UI_FAILURE,UNSTABLE
FCTU_Train1build_212.log,SUCCESS,SUCCESS
FCTU_Train1build_213.log,SUCCESS,SUCCESS
FCTU_Train1build_214.log,SUCCESS,SUCCESS
FCTU_Train1build_215.log,SUCCESS,SUCCESS
FCTU_Train2build_101.log,SELENIUM_UI_FAILURE,UNSTABLE
FCTU_Train2build_102.log,SELENIUM_UI_FAILURE,UNSTABLE
FCTU_Train2build_103.log,SELENIUM_UI_FAILURE,UNSTABLE
FCTU_Train2build_104.log,SUCCESS,SUCCESS
FCTU_Train2build_105.log,SELENIUM_UI_FAILURE,UNSTABLE
FCTU_Train2build_106.log,SUCCESS,SUCCESS
FCTU_Train2build_107.log,SELENIUM_UI_FAILURE,UNSTABLE
FCTU_Train2build_108.log,SUCCESS,SUCCESS
FCTU_Train2build_109.log,SELENIUM_UI_FAILURE,UNSTABLE
FCTU_Train2build_110.log,SELENIUM_UI_FAILURE,UNSTABLE
FCTU_Train2build_111.log,SELENIUM_UI_FAILURE,UNSTABLE
FCTU_Train2build_112.log,SUCCESS,SUCCESS
FCTU_Train2build_113.log,SELENIUM_UI_FAILURE,UNSTABLE
FCTU_Train2build_114.log,SELENIUM_DRIVER_ERROR,FAILURE
FCTU_Train2build_115.log,SUCCESS,SUCCESS
FCTU_Train2build_116.log,SELENIUM_UI_FAILURE,UNSTABLE
FCTU_Train2build_117.log,SUCCESS,SUCCESS
FCTU_Train2build_118.log,SELENIUM_UI_FAILURE,UNSTABLE
FCTU_Train2build_119.log,SELENIUM_UI_FAILURE,UNSTABLE
FCTU_Train2build_120.log,SUCCESS,SUCCESS
FCTU_Train2build_121.log,SELENIUM_UI_FAILURE,UNSTABLE
FCTU_Train2build_122.log,SUCCESS,SUCCESS
FCTU_Train2build_123.log,SELENIUM_UI_FAILURE,UNSTABLE
FCTU_Train2build_124.log,SELENIUM_UI_FAILURE,UNSTABLE
FCTU_Train2build_125.log,SELENIUM_UI_FAILURE,UNSTABLE
FCTU_Train2build_126.log,SUCCESS,SUCCESS
FCTU_Train2build_127.log,SELENIUM_UI_FAILURE,UNSTABLE
FCTU_Train2build_128.log,SELENIUM_UI_FAILURE,UNSTABLE
FCTU_Train2build_129.log,SELENIUM_UI_FAILURE,UNSTABLE
FCTU_Train2build_130.log,SUCCESS,SUCCESS
FCTU_Train2build_131.log,SUCCESS,SUCCESS
FCTU_Train2build_132.log,SELENIUM_UI_FAILURE,UNSTABLE
FCTU_Train2build_133.log,SELENIUM_UI_FAILURE,UNSTABLE
FCTU_Train2build_134.log,SELENIUM_UI_FAILURE,UNSTABLE
FCTU_Train2build_135.log,SELENIUM_UI_FAILURE,UNSTABLE
FCTU_Train2build_136.log,SELENIUM_UI_FAILURE,UNSTABLE
FCTU_Train2build_137.log,SUCCESS,SUCCESS
FCTU_Train2build_138.log,SELENIUM_UI_FAILURE,UNSTABLE
FCTU_Train2build_139.log,SELENIUM_UI_FAILURE,UNSTABLE
FCTU_Train2build_140.log,SUCCESS,SUCCESS
FCTU_Train2build_141.log,SELENIUM_UI_FAILURE,UNSTABLE
FCTU_Train2build_142.log,SUCCESS,SUCCESS
FCTU_Train2build_143.log,SELENIUM_UI_FAILURE,UNSTABLE
FCTU_Train2build_144.log,SUCCESS,SUCCESS
FCTU_Train2build_145.log,SELENIUM_UI_FAILURE,UNSTABLE
FCTU_Train2build_146.log,SUCCESS,SUCCESS
FCTU_Train2build_147.log,SELENIUM_UI_FAILURE,UNSTABLE
FCTU_Train2build_148.log,SUCCESS,SUCCESS
FCTU_Train2build_149.log,SUCCESS,SUCCESS
FCTU_Train2build_150.log,SELENIUM_UI_FAILURE,UNSTABLE
FCTU_Train2build_151.log,SELENIUM_UI_FAILURE,UNSTABLE
FCTU_Train2build_152.log,SUCCESS,SUCCESS
FCTU_Train2build_153.log,SELENIUM_UI_FAILURE,UNSTABLE
FCTU_Train2build_154.log,SUCCESS,SUCCESS
FCTU_Train2build_155.log,SUCCESS,SUCCESS
FCTU_Train2build_156.log,SUCCESS,SUCCESS
FCTU_Train2build_157.log,SUCCESS,SUCCESS
FCTU_Train2build_158.log,SUCCESS,SUCCESS
FCTU_Train2build_159.log,SELENIUM_UI_FAILURE,UNSTABLE
FCTU_Train2build_160.log,SELENIUM_UI_FAILURE,UNSTABLE
FCTU_Train2build_161.log,SUCCESS,SUCCESS
FCTU_Train2build_162.log,SUCCESS,SUCCESS
FCTU_Train2build_163.log,SUCCESS,SUCCESS
FCTU_Train2build_164.log,SELENIUM_UI_FAILURE,UNSTABLE
FCTU_Train2build_165.log,SELENIUM_UI_FAILURE,UNSTABLE
FCTU_Train2build_166.log,SUCCESS,SUCCESS
FCTU_Train2build_167.log,SELENIUM_UI_FAILURE,UNSTABLE
FCTU_Train2build_168.log,SUCCESS,SUCCESS
FCTU_Train2build_169.log,SUCCESS,SUCCESS
FCTU_Train2build_170.log,SUCCESS,SUCCESS
FCTU_Train2build_171.log,SUCCESS,SUCCESS
FCTU_Train2build_172.log,SELENIUM_UI_FAILURE,UNSTABLE
FCTU_Train2build_173.log,SUCCESS,SUCCESS
FCTU_Train2build_174.log,SELENIUM_UI_FAILURE,UNSTABLE
FCTU_Train2build_175.log,SELENIUM_UI_FAILURE,UNSTABLE
FCTU_Train2build_176.log,SELENIUM_UI_FAILURE,UNSTABLE
FCTU_Train2build_177.log,SELENIUM_UI_FAILURE,UNSTABLE
FCTU_Train2build_178.log,SELENIUM_UI_FAILURE,UNSTABLE
FCTU_Train2build_179.log,SELENIUM_UI_FAILURE,UNSTABLE
FCTU_Train2build_180.log,SUCCESS,SUCCESS
FCTU_Train2build_181.log,SUCCESS,SUCCESS
FCTU_Train2build_182.log,SUCCESS,SUCCESS
FCTU_Train2build_183.log,SELENIUM_UI_FAILURE,UNSTABLE
FCTU_Train2build_184.log,SUCCESS,SUCCESS
FCTU_Train2build_185.log,SUCCESS,SUCCESS
FCTU_Train2build_186.log,SELENIUM_UI_FAILURE,UNSTABLE
FCTU_Train2build_187.log,SELENIUM_UI_FAILURE,UNSTABLE
FCTU_Train2build_188.log,SELENIUM_UI_FAILURE,UNSTABLE
FCTU_Train2build_189.log,SELENIUM_UI_FAILURE,UNSTABLE
FCTU_Train2build_190.log,SELENIUM_UI_FAILURE,UNSTABLE
FCTU_Train2build_191.log,SELENIUM_UI_FAILURE,UNSTABLE
FCTU_Train2build_192.log,SELENIUM_UI_FAILURE,UNSTABLE
FCTU_Train2build_193.log,SELENIUM_UI_FAILURE,UNSTABLE
FCTU_Train2build_194.log,SELENIUM_UI_FAILURE,UNSTABLE
FCTU_Train2build_195.log,SELENIUM_UI_FAILURE,UNSTABLE
FCTU_Train2build_196.log,SELENIUM_UI_FAILURE,UNSTABLE
FCTU_Train2build_197.log,SUCCESS,SUCCESS
FCTU_Train2build_198.log,SUCCESS,SUCCESS
FCTU_Train2build_199.log,SUCCESS,SUCCESS
FCTU_Train2build_200.log,SELENIUM_DRIVER_ERROR,FAILURE
FCTU_Train2build_201.log,SUCCESS,SUCCESS
FCTU_Train2build_202.log,SUCCESS,SUCCESS
FCTU_Train2build_203.log,SUCCESS,SUCCESS
FCTU_Train2build_204.log,SELENIUM_UI_FAILURE,UNSTABLE
FCTU_Train2build_205.log,SUCCESS,SUCCESS
FCTU_Train2build_206.log,SUCCESS,SUCCESS
FCTU_Train2build_207.log,SUCCESS,SUCCESS
FCTU_Train2build_208.log,SUCCESS,SUCCESS
FCTU_Train2build_30.log,SELENIUM_UI_FAILURE,UNSTABLE
FCTU_Train2build_34.log,SUCCESS,SUCCESS
build_100.log,SELENIUM_DRIVER_ERROR,UNSTABLE
build_101.log,SELENIUM_DRIVER_ERROR,UNSTABLE
build_102.log,SUCCESS,SUCCESS
build_103.log,SELENIUM_DRIVER_ERROR,UNSTABLE
build_104.log,SELENIUM_DRIVER_ERROR,UNSTABLE
build_105.log,SUCCESS,SUCCESS
build_106.log,SUCCESS,SUCCESS
build_107.log,SUCCESS,SUCCESS
build_108.log,SUCCESS,SUCCESS
build_109.log,SELENIUM_DRIVER_ERROR,UNSTABLE
build_110.log,SELENIUM_DRIVER_ERROR,UNSTABLE
build_111.log,SELENIUM_DRIVER_ERROR,UNSTABLE
build_112.log,SELENIUM_DRIVER_ERROR,UNSTABLE
build_113.log,SELENIUM_DRIVER_ERROR,UNSTABLE
build_114.log,SELENIUM_DRIVER_ERROR,UNSTABLE
build_115.log,SELENIUM_DRIVER_ERROR,UNSTABLE
build_116.log,SELENIUM_DRIVER_ERROR,UNSTABLE
build_117.log,SELENIUM_DRIVER_ERROR,UNSTABLE
build_118.log,SELENIUM_DRIVER_ERROR,UNSTABLE
build_119.log,SELENIUM_DRIVER_ERROR,UNSTABLE
build_120.log,SELENIUM_DRIVER_ERROR,UNSTABLE
build_121.log,SELENIUM_DRIVER_ERROR,UNSTABLE
build_122.log,SELENIUM_DRIVER_ERROR,UNSTABLE
build_123.log,SELENIUM_DRIVER_ERROR,UNSTABLE
build_124.log,SELENIUM_DRIVER_ERROR,UNSTABLE
build_125.log,SELENIUM_DRIVER_ERROR,UNSTABLE
build_126.log,SUCCESS,SUCCESS
build_127.log,SUCCESS,SUCCESS
build_128.log,SUCCESS,SUCCESS
build_129.log,SUCCESS,SUCCESS
build_130.log,SELENIUM_DRIVER_ERROR,UNSTABLE
build_131.log,SUCCESS,SUCCESS
build_132.log,SUCCESS,SUCCESS
build_133.log,SUCCESS,SUCCESS
build_134.log,SUCCESS,SUCCESS
build_135.log,SUCCESS,SUCCESS
build_136.log,SELENIUM_DRIVER_ERROR,UNSTABLE
build_137.log,SUCCESS,SUCCESS
build_138.log,SUCCESS,SUCCESS
build_139.log,SELENIUM_DRIVER_ERROR,UNSTABLE
build_140.log,SELENIUM_DRIVER_ERROR,UNSTABLE
build_141.log,SELENIUM_DRIVER_ERROR,UNSTABLE
build_142.log,SELENIUM_DRIVER_ERROR,UNSTABLE
build_143.log,BUILD_ABORTED,ABORTED
build_144.log,SUCCESS,SUCCESS
build_145.log,SUCCESS,SUCCESS
build_146.log,SUCCESS,SUCCESS
build_147.log,SUCCESS,SUCCESS
build_148.log,SUCCESS,SUCCESS
build_149.log,SUCCESS,SUCCESS
build_150.log,SUCCESS,SUCCESS
build_151.log,SUCCESS,SUCCESS
build_152.log,SUCCESS,SUCCESS
build_153.log,SUCCESS,SUCCESS
build_154.log,SUCCESS,SUCCESS
build_155.log,SUCCESS,SUCCESS
build_156.log,SUCCESS,SUCCESS
build_157.log,SUCCESS,SUCCESS
build_158.log,SUCCESS,SUCCESS
build_159.log,SUCCESS,SUCCESS
build_160.log,SUCCESS,SUCCESS
build_161.log,SUCCESS,SUCCESS
build_162.log,SUCCESS,SUCCESS
build_163.log,SUCCESS,SUCCESS
build_164.log,SUCCESS,SUCCESS
build_165.log,SUCCESS,SUCCESS
build_166.log,SUCCESS,SUCCESS
build_167.log,SUCCESS,SUCCESS
build_168.log,SUCCESS,SUCCESS
build_169.log,SUCCESS,SUCCESS
build_170.log,SUCCESS,SUCCESS
build_171.log,SUCCESS,SUCCESS
build_172.log,SUCCESS,SUCCESS
build_173.log,SUCCESS,SUCCESS
build_174.log,SUCCESS,SUCCESS
build_175.log,SUCCESS,SUCCESS
build_176.log,SUCCESS,SUCCESS
build_177.log,SUCCESS,SUCCESS
build_178.log,SUCCESS,SUCCESS
build_179.log,SUCCESS,SUCCESS
build_180.log,SUCCESS,SUCCESS
build_181.log,SUCCESS,SUCCESS
build_182.log,SUCCESS,SUCCESS
build_183.log,SUCCESS,SUCCESS
build_184.log,SUCCESS,SUCCESS
build_185.log,SELENIUM_DRIVER_ERROR,UNSTABLE
build_186.log,SELENIUM_DRIVER_ERROR,UNSTABLE
build_187.log,SUCCESS,SUCCESS
build_188.log,SELENIUM_DRIVER_ERROR,UNSTABLE
build_189.log,SUCCESS,SUCCESS
build_190.log,SUCCESS,SUCCESS
build_191.log,SUCCESS,SUCCESS
build_192.log,SUCCESS,SUCCESS
build_193.log,SUCCESS,SUCCESS
build_194.log,SUCCESS,SUCCESS
build_195.log,SUCCESS,SUCCESS
build_196.log,SUCCESS,SUCCESS
build_197.log,SUCCESS,SUCCESS
build_198.log,SUCCESS,SUCCESS
build_199.log,SUCCESS,SUCCESS
build_200.log,SUCCESS,SUCCESS
build_201.log,SUCCESS,SUCCESS
build_202.log,SUCCESS,SUCCESS
build_203.log,SUCCESS,SUCCESS
build_204.log,SUCCESS,SUCCESS
build_205.log,SUCCESS,SUCCESS
build_206.log,SUCCESS,SUCCESS
build_207.log,SUCCESS,SUCCESS
build_208.log,SUCCESS,SUCCESS
build_209.log,SUCCESS,SUCCESS
build_210.log,SUCCESS,SUCCESS
build_211.log,SELENIUM_DRIVER_ERROR,UNSTABLE
build_212.log,SELENIUM_DRIVER_ERROR,UNSTABLE
build_213.log,SELENIUM_DRIVER_ERROR,UNSTABLE
build_214.log,SELENIUM_DRIVER_ERROR,UNSTABLE
build_215.log,BUILD_ABORTED,ABORTED
build_216.log,SELENIUM_UI_FAILURE,UNSTABLE
build_217.log,SUCCESS,SUCCESS
build_218.log,SELENIUM_DRIVER_ERROR,UNSTABLE
build_219.log,SELENIUM_DRIVER_ERROR,UNSTABLE
build_220.log,SELENIUM_DRIVER_ERROR,UNSTABLE
build_221.log,SUCCESS,SUCCESS
build_222.log,SUCCESS,SUCCESS
build_223.log,SUCCESS,SUCCESS
build_224.log,SUCCESS,SUCCESS
build_225.log,SUCCESS,SUCCESS
build_226.log,SELENIUM_DRIVER_ERROR,UNSTABLE
build_227.log,SUCCESS,SUCCESS
build_228.log,SUCCESS,SUCCESS
build_229.log,SUCCESS,SUCCESS
build_230.log,SUCCESS,SUCCESS
build_231.log,SUCCESS,SUCCESS
build_232.log,SELENIUM_DRIVER_ERROR,UNSTABLE
build_233.log,SELENIUM_DRIVER_ERROR,UNSTABLE
build_234.log,SELENIUM_DRIVER_ERROR,UNSTABLE
build_235.log,SELENIUM_DRIVER_ERROR,UNSTABLE
build_236.log,SELENIUM_DRIVER_ERROR,UNSTABLE
build_237.log,SELENIUM_DRIVER_ERROR,UNSTABLE
build_238.log,SELENIUM_DRIVER_ERROR,UNSTABLE
build_239.log,SUCCESS,SUCCESS
build_240.log,SUCCESS,SUCCESS
build_241.log,SUCCESS,SUCCESS
build_242.log,SUCCESS,SUCCESS
build_243.log,SUCCESS,SUCCESS
build_244.log,SUCCESS,SUCCESS
build_245.log,SUCCESS,SUCCESS
build_246.log,SUCCESS,SUCCESS
build_247.log,SUCCESS,SUCCESS
build_248.log,SUCCESS,SUCCESS
build_249.log,SUCCESS,SUCCESS
build_250.log,SUCCESS,SUCCESS
build_251.log,SUCCESS,SUCCESS
build_252.log,SELENIUM_DRIVER_ERROR,UNSTABLE
build_253.log,SELENIUM_DRIVER_ERROR,UNSTABLE
build_254.log,SELENIUM_DRIVER_ERROR,UNSTABLE
build_255.log,SELENIUM_DRIVER_ERROR,UNSTABLE
build_256.log,SUCCESS,SUCCESS
build_257.log,SUCCESS,SUCCESS
build_258.log,SUCCESS,SUCCESS
build_259.log,SUCCESS,SUCCESS
build_260.log,SUCCESS,SUCCESS
build_261.log,SUCCESS,SUCCESS
build_262.log,SUCCESS,SUCCESS
build_263.log,SUCCESS,SUCCESS
build_264.log,SUCCESS,SUCCESS
build_265.log,SUCCESS,SUCCESS
build_266.log,SUCCESS,SUCCESS
build_267.log,SELENIUM_DRIVER_ERROR,UNSTABLE
build_268.log,SUCCESS,SUCCESS
build_269.log,SUCCESS,SUCCESS
build_270.log,BUILD_ABORTED,ABORTED
build_271.log,SUCCESS,SUCCESS
build_272.log,SUCCESS,SUCCESS
build_273.log,SUCCESS,SUCCESS
build_274.log,SUCCESS,SUCCESS
build_275.log,SUCCESS,SUCCESS
build_276.log,SUCCESS,SUCCESS
build_277.log,SUCCESS,SUCCESS
build_278.log,SUCCESS,SUCCESS
build_279.log,SUCCESS,SUCCESS
build_280.log,SELENIUM_DRIVER_ERROR,UNSTABLE
build_281.log,SELENIUM_DRIVER_ERROR,UNSTABLE
build_282.log,SUCCESS,SUCCESS
build_283.log,SUCCESS,SUCCESS
build_284.log,SUCCESS,SUCCESS
build_285.log,SUCCESS,SUCCESS
build_286.log,SUCCESS,SUCCESS
build_287.log,SUCCESS,SUCCESS
build_288.log,SUCCESS,SUCCESS
build_289.log,SUCCESS,SUCCESS
build_290.log,SUCCESS,SUCCESS
build_291.log,SUCCESS,SUCCESS
build_292.log,SELENIUM_DRIVER_ERROR,UNSTABLE
build_293.log,SUCCESS,SUCCESS
build_294.log,SUCCESS,SUCCESS
build_295.log,SUCCESS,SUCCESS
build_296.log,SELENIUM_DRIVER_ERROR,UNSTABLE
build_297.log,SELENIUM_DRIVER_ERROR,UNSTABLE
build_298.log,SELENIUM_DRIVER_ERROR,UNSTABLE
build_299.log,SELENIUM_DRIVER_ERROR,UNSTABLE
build_300.log,SUCCESS,SUCCESS
build_301.log,SUCCESS,SUCCESS
build_302.log,SUCCESS,SUCCESS
build_303.log,SUCCESS,SUCCESS
build_304.log,SUCCESS,SUCCESS
build_305.log,SUCCESS,SUCCESS
build_306.log,SUCCESS,SUCCESS
build_307.log,SUCCESS,SUCCESS
build_308.log,SUCCESS,SUCCESS
build_309.log,SUCCESS,SUCCESS
build_310.log,SUCCESS,SUCCESS
build_311.log,SUCCESS,SUCCESS
build_312.log,SUCCESS,SUCCESS
build_313.log,SUCCESS,SUCCESS
build_314.log,SUCCESS,SUCCESS
build_315.log,SUCCESS,SUCCESS
build_316.log,SUCCESS,SUCCESS
build_317.log,SUCCESS,SUCCESS
build_318.log,SUCCESS,SUCCESS
build_319.log,SUCCESS,SUCCESS
build_320.log,SUCCESS,SUCCESS
build_321.log,SUCCESS,SUCCESS
build_322.log,SELENIUM_DRIVER_ERROR,UNSTABLE
build_323.log,SUCCESS,SUCCESS
build_324.log,SUCCESS,SUCCESS
build_325.log,SUCCESS,SUCCESS
build_326.log,SUCCESS,SUCCESS
build_327.log,SUCCESS,SUCCESS
build_328.log,SELENIUM_DRIVER_ERROR,UNSTABLE
build_329.log,SELENIUM_DRIVER_ERROR,UNSTABLE
build_330.log,SELENIUM_DRIVER_ERROR,UNSTABLE
build_331.log,SELENIUM_DRIVER_ERROR,UNSTABLE
build_332.log,SELENIUM_DRIVER_ERROR,UNSTABLE
build_333.log,SELENIUM_DRIVER_ERROR,UNSTABLE
build_334.log,SELENIUM_DRIVER_ERROR,UNSTABLE
build_335.log,SUCCESS,SUCCESS
build_336.log,SELENIUM_DRIVER_ERROR,UNSTABLE
build_337.log,SUCCESS,SUCCESS
build_338.log,SUCCESS,SUCCESS
build_339.log,SELENIUM_DRIVER_ERROR,UNSTABLE
build_340.log,SELENIUM_DRIVER_ERROR,UNSTABLE
build_341.log,SUCCESS,SUCCESS
build_342.log,SUCCESS,SUCCESS
build_343.log,COMPILATION_ERROR,FAILURE
build_344.log,SUCCESS,SUCCESS
build_345.log,SELENIUM_DRIVER_ERROR,UNSTABLE
build_346.log,SUCCESS,SUCCESS
build_347.log,SUCCESS,SUCCESS
build_348.log,SUCCESS,SUCCESS
build_349.log,SUCCESS,SUCCESS
build_350.log,SELENIUM_DRIVER_ERROR,UNSTABLE
build_351.log,SUCCESS,SUCCESS
build_352.log,SUCCESS,SUCCESS
build_353.log,SUCCESS,SUCCESS
build_354.log,SUCCESS,SUCCESS
build_355.log,SELENIUM_DRIVER_ERROR,UNSTABLE
build_356.log,SUCCESS,SUCCESS
build_357.log,SUCCESS,SUCCESS
build_358.log,SUCCESS,SUCCESS
build_359.log,SUCCESS,SUCCESS
build_360.log,SELENIUM_UI_FAILURE,UNSTABLE
build_361.log,SELENIUM_DRIVER_ERROR,UNSTABLE
build_362.log,SELENIUM_DRIVER_ERROR,UNSTABLE
build_363.log,SUCCESS,SUCCESS
build_364.log,SUCCESS,SUCCESS
build_365.log,SUCCESS,SUCCESS
build_366.log,SELENIUM_UI_FAILURE,UNSTABLE
build_367.log,SELENIUM_DRIVER_ERROR,UNSTABLE
build_368.log,BUILD_ABORTED,ABORTED
build_369.log,SELENIUM_UI_FAILURE,UNSTABLE
build_370.log,SELENIUM_DRIVER_ERROR,UNSTABLE
build_371.log,SUCCESS,SUCCESS
build_372.log,SUCCESS,SUCCESS
build_373.log,SUCCESS,SUCCESS
build_374.log,SUCCESS,SUCCESS
build_375.log,SUCCESS,SUCCESS
build_376.log,SELENIUM_DRIVER_ERROR,UNSTABLE
build_377.log,SUCCESS,SUCCESS
build_378.log,SELENIUM_DRIVER_ERROR,UNSTABLE
build_379.log,SUCCESS,SUCCESS
build_380.log,SELENIUM_DRIVER_ERROR,UNSTABLE
build_381.log,SELENIUM_DRIVER_ERROR,UNSTABLE
build_382.log,SUCCESS,SUCCESS
build_383.log,SUCCESS,SUCCESS
build_384.log,SELENIUM_DRIVER_ERROR,UNSTABLE
build_385.log,SELENIUM_DRIVER_ERROR,UNSTABLE
build_386.log,SELENIUM_DRIVER_ERROR,UNSTABLE
build_387.log,SELENIUM_DRIVER_ERROR,UNSTABLE
build_388.log,SUCCESS,SUCCESS
build_389.log,SUCCESS,SUCCESS
build_390.log,SELENIUM_DRIVER_ERROR,UNSTABLE
build_391.log,SUCCESS,SUCCESS
build_392.log,SUCCESS,SUCCESS
build_393.log,SUCCESS,SUCCESS
build_394.log,SUCCESS,SUCCESS
build_395.log,SUCCESS,SUCCESS
build_396.log,SUCCESS,SUCCESS
build_397.log,SUCCESS,SUCCESS
build_398.log,SUCCESS,SUCCESS
build_399.log,SELENIUM_DRIVER_ERROR,UNSTABLE
build_400.log,SELENIUM_DRIVER_ERROR,UNSTABLE
build_401.log,SELENIUM_DRIVER_ERROR,UNSTABLE
build_402.log,BUILD_ABORTED,ABORTED
build_403.log,SELENIUM_UI_FAILURE,UNSTABLE
build_404.log,SELENIUM_DRIVER_ERROR,UNSTABLE
build_405.log,SUCCESS,SUCCESS
build_406.log,SUCCESS,SUCCESS
build_407.log,SUCCESS,SUCCESS
build_408.log,SUCCESS,SUCCESS
build_409.log,SELENIUM_DRIVER_ERROR,UNSTABLE
build_410.log,SELENIUM_DRIVER_ERROR,UNSTABLE
build_411.log,SUCCESS,SUCCESS
build_412.log,SUCCESS,SUCCESS
build_413.log,SELENIUM_DRIVER_ERROR,UNSTABLE
build_414.log,SELENIUM_DRIVER_ERROR,UNSTABLE
build_415.log,SELENIUM_DRIVER_ERROR,UNSTABLE
build_416.log,SUCCESS,SUCCESS
build_417.log,SUCCESS,SUCCESS
build_418.log,SELENIUM_DRIVER_ERROR,UNSTABLE
build_419.log,SELENIUM_DRIVER_ERROR,UNSTABLE
build_420.log,SELENIUM_DRIVER_ERROR,UNSTABLE
build_421.log,SELENIUM_DRIVER_ERROR,UNSTABLE
build_422.log,SELENIUM_DRIVER_ERROR,UNSTABLE
build_423.log,SELENIUM_DRIVER_ERROR,UNSTABLE
build_424.log,SELENIUM_DRIVER_ERROR,UNSTABLE
build_425.log,SUCCESS,SUCCESS
build_426.log,SUCCESS,SUCCESS
build_427.log,SUCCESS,SUCCESS
build_428.log,SUCCESS,SUCCESS
build_429.log,SUCCESS,SUCCESS
build_430.log,SUCCESS,SUCCESS
build_431.log,SUCCESS,SUCCESS
build_432.log,SUCCESS,SUCCESS
build_433.log,BUILD_ABORTED,ABORTED
build_434.log,SELENIUM_UI_FAILURE,UNSTABLE
build_435.log,SELENIUM_DRIVER_ERROR,UNSTABLE
build_436.log,SELENIUM_DRIVER_ERROR,UNSTABLE
build_437.log,SELENIUM_DRIVER_ERROR,UNSTABLE
build_438.log,SELENIUM_DRIVER_ERROR,UNSTABLE
build_439.log,SELENIUM_DRIVER_ERROR,UNSTABLE
build_440.log,SELENIUM_DRIVER_ERROR,UNSTABLE
build_441.log,SELENIUM_DRIVER_ERROR,UNSTABLE
build_442.log,SELENIUM_DRIVER_ERROR,UNSTABLE
build_443.log,SUCCESS,SUCCESS
build_444.log,SUCCESS,SUCCESS
build_445.log,SUCCESS,SUCCESS
build_446.log,SUCCESS,SUCCESS
build_447.log,SUCCESS,SUCCESS
build_448.log,SUCCESS,SUCCESS
build_449.log,SUCCESS,SUCCESS
build_450.log,SUCCESS,SUCCESS
build_451.log,SELENIUM_DRIVER_ERROR,UNSTABLE
build_452.log,SUCCESS,SUCCESS
build_453.log,SUCCESS,SUCCESS
build_454.log,SUCCESS,SUCCESS
build_455.log,SUCCESS,SUCCESS
build_456.log,SUCCESS,SUCCESS
build_457.log,SUCCESS,SUCCESS
build_458.log,SELENIUM_DRIVER_ERROR,UNSTABLE
build_459.log,SUCCESS,SUCCESS
build_460.log,SELENIUM_DRIVER_ERROR,UNSTABLE
